AccountId,Region,VpcId,Name,CidrBlock,IsDefault,State,DhcpOptionsId,InstanceTenancy,AdditionalCidrBlocks,Tags,RejectionReason,Suggestion,ErrorDetails
54084606462,us-west-2,vpc-2be8ed53,Unnamed,172.31.0.0/16,True,available,dopt-6ac3f112,default,[],[],Unknown error,Review error details,400 Client Error: Bad Request for url: https://192.168.1.222/wapi/v2.13.1/network
54084606462,eu-west-2,vpc-01350169,Unnamed,172.31.0.0/16,True,available,dopt-1547487d,default,[],[],Unknown error,Review error details,400 Client Error: Bad Request for url: https://192.168.1.222/wapi/v2.13.1/network
54084606462,ap-northeast-1,vpc-574db731,Unnamed,172.31.0.0/16,True,available,dopt-6a5fbf0c,default,[],[],Unknown error,Review error details,400 Client Error: Bad Request for url: https://192.168.1.222/wapi/v2.13.1/network
54084606462,ap-southeast-1,vpc-d272b9b4,Unnamed,172.31.0.0/16,True,available,dopt-5ca4693a,default,[],[],Unknown error,Review error details,400 Client Error: Bad Request for url: https://192.168.1.222/wapi/v2.13.1/network
109271064203,us-east-1,vpc-039734d70d1af71b0,s3-sftp-public-nacl,10.0.0.0/16,False,available,dopt-277bf240,default,[],"[{'Key': 'Name', 'Value': 's3-sftp-public-nacl'}]",Unknown error,Review error details,400 Client Error: Bad Request for url: https://192.168.1.222/wapi/v2.13.1/network
109271064203,eu-west-2,vpc-bd09f7d4,Unnamed,172.31.0.0/16,True,available,dopt-11ef1678,default,[],[],Unknown error,Review error details,400 Client Error: Bad Request for url: https://192.168.1.222/wapi/v2.13.1/network
109271064203,ap-northeast-1,vpc-4b5cf42f,Unnamed,172.31.0.0/16,True,available,dopt-d57c94b1,default,[],[],Unknown error,Review error details,400 Client Error: Bad Request for url: https://192.168.1.222/wapi/v2.13.1/network
109271064203,ap-southeast-1,vpc-d3ae10b7,Unnamed,172.31.0.0/16,True,available,dopt-112fe475,default,[],[],Unknown error,Review error details,400 Client Error: Bad Request for url: https://192.168.1.222/wapi/v2.13.1/network
90635704012,us-west-2,vpc-0a05c2208064b4b97,project-vpc,10.0.0.0/16,False,available,dopt-085af2666b3aaea92,default,[],"[{'Key': 'Name', 'Value': 'project-vpc'}]",Unknown error,Review error details,400 Client Error: Bad Request for url: https://192.168.1.222/wapi/v2.13.1/network
125720579239,us-east-1,vpc-0f21645a3e1d1bc06,mi-lz-dc-sales-dev-us-east-1-vpc,10.212.74.0/24,False,available,dopt-0255a645464ca26f9,default,[],"[{'Key': 'Requested_By', 'Value': 'hsing113'}, {'Key': 'Propagate-to', 'Value': 'tgw-nonprod-accounts-rt,tgw-dx-nonprod-rt,tgw-shared-account-rt,tgw-virginia-oregon-peer-rt'}, {'Key': 'Description', 'Value': 'Deployment of Instances by Sales Developers '}, {'Key': 'location', 'Value': 'aws-us-east-1'}, {'Key': 'Associate-with', 'Value': 'tgw-nonprod-accounts-rt'}, {'Key': 'Name', 'Value': 'mi-lz-dc-sales-dev-us-east-1-vpc'}, {'Key': 'createdby', 'Value': 'anjok224'}, {'Key': 'project', 'Value': 'lz sales-dev account for MGP team'}, {'Key': 'environment', 'Value': 'dev'}, {'Key': 'owner', 'Value': 'Jeremy Reed'}, {'Key': 'cloudservice', 'Value': 'no_tier0_vpc'}, {'Key': 'STNOStatus-VPCPropagation', 'Value': '2023-02-13T23:11:22Z: VPC RT propagation has been enabled to the Transit Gateway Routing Table/Domain'}, {'Key': 'tfe_created', 'Value': 'true'}, {'Key': 'STNOStatus-VPCAssociation', 'Value': '2023-02-13T23:11:20Z: VPC has been associated with the Transit Gateway Routing Table/Domain'}, {'Key': 'STNOStatus-VPCAttachment', 'Value': '2023-02-13T23:08:26Z: VPC has been attached to the Transit Gateway'}, {'Key': 'dud', 'Value': '52529967196'}]",Unknown error,Review error details,400 Client Error: Bad Request for url: https://192.168.1.222/wapi/v2.13.1/network
258664334277,us-east-1,vpc-0ae16c521a462ca1c,mi-lz-network-dev-us-east-1-vpc,10.212.19.128/25,False,available,dopt-03cadaf34128d23a0,default,"['10.212.8.128/25', '10.212.87.64/26']","[{'Key': 'Associate-with', 'Value': 'tgw-nonprod-accounts-rt'}, {'Key': 'Name', 'Value': 'mi-lz-network-dev-us-east-1-vpc'}, {'Key': 'environment', 'Value': 'dev'}, {'Key': 'tfe_created', 'Value': 'true'}, {'Key': 'dud', 'Value': '52529967360'}, {'Key': 'STNOStatus-VPCAttachment', 'Value': '2022-09-19T16:55:05Z: VPC has been attached to the Transit Gateway'}, {'Key': 'STNOStatus-VPCPropagation', 'Value': '2022-09-19T16:57:44Z: VPC RT propagation has been enabled to the Transit Gateway Routing Table/Domain'}, {'Key': 'location', 'Value': 'aws-us-east-1'}, {'Key': 'createdby', 'Value': 'tshet584'}, {'Key': 'STNOStatus-VPCAssociation', 'Value': '2022-09-19T16:57:43Z: VPC has been associated with the Transit Gateway Routing Table/Domain'}, {'Key': 'owner', 'Value': 'H Network Engineering Matt Barzack'}, {'Key': 'cloudservice', 'Value': 'no_tier0_vpc'}, {'Key': 'Propagate-to', 'Value': 'tgw-nonprod-accounts-rt,tgw-dx-nonprod-rt,tgw-shared-account-rt,tgw-virginia-oregon-peer-rt'}, {'Key': 'project', 'Value': 'Network dev account in Landing zone'}]",Unknown error,Review error details,400 Client Error: Bad Request for url: https://192.168.1.222/wapi/v2.13.1/network
301220284239,us-west-2,vpc-0ab85cec6201aaf1a,Unnamed,172.31.0.0/16,True,available,dopt-06b5422b3973bb506,default,[],[],Unknown error,Review error details,400 Client Error: Bad Request for url: https://192.168.1.222/wapi/v2.13.1/network
301220284239,us-west-2,vpc-0658f5b90ff429354,Unnamed,10.0.0.0/22,False,available,dopt-06b5422b3973bb506,default,[],[],Unknown error,Review error details,400 Client Error: Bad Request for url: https://192.168.1.222/wapi/v2.13.1/network
332645427436,us-west-2,vpc-0bacb1c05fc2b91b9,Unnamed,10.0.0.0/22,False,available,dopt-06c27d957c72eef4d,default,[],[],Unknown error,Review error details,400 Client Error: Bad Request for url: https://192.168.1.222/wapi/v2.13.1/network
336942569330,us-west-2,vpc-0917c67c9e9d8e8d3,mi-lz-na-loyalty-prod-us-west-2-vpc,10.216.136.0/23,False,available,dopt-0b2a9eba0b54c930e,default,[],"[{'Key': 'RequestedBy', 'Value': 'RYUVA346'}, {'Key': 'Associate-with', 'Value': 'tgw-prod-accounts-rt'}, {'Key': 'STNOStatus-VPCPropagation', 'Value': '2023-07-13T15:25:44Z: VPC RT propagation has been enabled to the Transit Gateway Routing Table/Domain'}, {'Key': 'createdby', 'Value': 'amanj426'}, {'Key': 'STNOStatus-VPCAssociation', 'Value': '2023-07-13T15:24:53Z: VPC has been associated with the Transit Gateway Routing Table/Domain'}, {'Key': 'tfc_created', 'Value': 'true'}, {'Key': 'Propagate-to', 'Value': 'tgw-prod-accounts-rt,tgw-dx-prod-rt,tgw-shared-account-rt,tgw-oregon-virginia-peer-rt'}, {'Key': 'dud', 'Value': '51519541887'}, {'Key': 'STNOStatus-VPCAttachment', 'Value': '2023-07-13T15:22:51Z: VPC has been attached to the Transit Gateway'}, {'Key': 'Name', 'Value': 'mi-lz-na-loyalty-prod-us-west-2-vpc'}, {'Key': 'Description', 'Value': ' VPC, routing and Subnet configured for this account in us-west-2'}, {'Key': 'owner', 'Value': 'F:Loyalty Dawn Robertson'}, {'Key': 'cloudservice', 'Value': 'no_tier0_vpc'}, {'Key': 'location', 'Value': 'aws-us-west-2'}, {'Key': 'project', 'Value': 'DR POD request to build UGI environment in 336942569330 US-West-2 region'}, {'Key': 'environment', 'Value': 'prod'}]",Unknown error,Review error details,400 Client Error: Bad Request for url: https://192.168.1.222/wapi/v2.13.1/network
339712715860,us-east-1,vpc-0db52312bd95ac1fa,mi-lz-mcom-sandbox-us-east-1-vpc,192.168.0.0/23,False,available,dopt-02b392a54e47f1544,default,[],"[{'Key': 'cloudservice', 'Value': 'no_tier0_vpc'}, {'Key': 'createdby', 'Value': 'rjain362'}, {'Key': 'dud', 'Value': '51519541985'}, {'Key': 'tfc_created', 'Value': 'true'}, {'Key': 'Name', 'Value': 'mi-lz-mcom-sandbox-us-east-1-vpc'}, {'Key': 'environment', 'Value': 'sandbox'}, {'Key': 'project', 'Value': 'Marriott Bonvoy Mobile App'}, {'Key': 'owner', 'Value': 'F Marriott  com Tina Alexander'}, {'Key': 'location', 'Value': 'aws-us-east-1'}]",Unknown error,Review error details,400 Client Error: Bad Request for url: https://192.168.1.222/wapi/v2.13.1/network
339712829092,us-east-1,vpc-0b2d8e3d247994073,mi-lz-icd-core-team-sandbox-us-east-1-vpc,192.168.0.0/23,False,available,dopt-07e7b816a0931aa4a,default,['192.168.4.0/23'],"[{'Key': 'location', 'Value': 'aws-us-east-1'}, {'Key': 'Name', 'Value': 'mi-lz-icd-core-team-sandbox-us-east-1-vpc'}, {'Key': 'cloudservice', 'Value': 'no_tier0_vpc'}, {'Key': 'project', 'Value': 'Sandbox Account in AWS for ransomware detection product POC'}, {'Key': 'environment', 'Value': 'sandbox'}, {'Key': 'dud', 'Value': '51519542158'}, {'Key': 'owner', 'Value': 'S:Public Cloud Adnan Haq'}, {'Key': 'createdby', 'Value': 'rjain362'}, {'Key': 'tfc_created', 'Value': 'true'}]",Unknown error,Review error details,400 Client Error: Bad Request for url: https://192.168.1.222/wapi/v2.13.1/network
342047190587,us-west-2,vpc-01b4aab4ed6430414,sg-audit-test,10.0.0.0/24,False,available,dopt-06f5e31479f1a79b9,default,[],"[{'Key': 'palo_alto_dag', 'Value': 'POC_AWS_RYAN_JAMES'}, {'Key': 'Environment', 'Value': ''}, {'Key': 'Name', 'Value': 'sg-audit-test'}]",Unknown error,Review error details,400 Client Error: Bad Request for url: https://192.168.1.222/wapi/v2.13.1/network
346680195314,us-east-1,vpc-054b726dd90f00b89,Unnamed,172.30.0.0/16,False,available,dopt-05cfeb3ddbb3c47ad,default,[],[],Unknown error,Review error details,400 Client Error: Bad Request for url: https://192.168.1.222/wapi/v2.13.1/network
346680195314,us-east-1,vpc-0c2db6fb34bd941b1,Unnamed,172.30.0.0/16,False,available,dopt-05cfeb3ddbb3c47ad,default,[],[],Unknown error,Review error details,400 Client Error: Bad Request for url: https://192.168.1.222/wapi/v2.13.1/network
346680195314,us-west-2,vpc-0bf56d96f3d66600a,project-vpc,10.0.0.0/16,False,available,dopt-05f351672312418d3,default,[],"[{'Key': 'Name', 'Value': 'project-vpc'}]",Unknown error,Review error details,400 Client Error: Bad Request for url: https://192.168.1.222/wapi/v2.13.1/network
457352897684,us-west-2,vpc-0e25095352ea3efdc,data-migration-vpc,172.25.212.0/23,False,available,dopt-a615a4de,default,[],"[{'Key': 'Name', 'Value': 'data-migration-vpc'}]",Unknown error,Review error details,400 Client Error: Bad Request for url: https://192.168.1.222/wapi/v2.13.1/network
448347543675,us-east-2,vpc-0e87663cff375a176,csao-test,10.0.0.0/24,False,available,dopt-093c469387d823562,default,[],"[{'Key': 'Name', 'Value': 'csao-test'}]",Unknown error,Review error details,400 Client Error: Bad Request for url: https://192.168.1.222/wapi/v2.13.1/network
485982219833,us-west-2,vpc-0b2a49427a1e78654,Unnamed,172.30.0.0/16,False,available,dopt-0e9235d4f15e57213,default,[],[],Unknown error,Review error details,400 Client Error: Bad Request for url: https://192.168.1.222/wapi/v2.13.1/network
477893803077,us-west-2,vpc-05836686940294640,data-migration-vpc-temp,172.25.210.0/23,False,available,dopt-dcff4fa4,default,[],"[{'Key': 'Name', 'Value': 'data-migration-vpc-temp'}]",Unknown error,Review error details,400 Client Error: Bad Request for url: https://192.168.1.222/wapi/v2.13.1/network
482478851458,us-east-1,vpc-0b73de28b457b6d03,CL-PrimaryStack/ESVPC,10.0.0.0/16,False,available,dopt-04a1018be908b91ac,default,[],"[{'Key': 'createdby', 'Value': 'supad062'}, {'Key': 'aws:cloudformation:stack-id', 'Value': 'arn:aws:cloudformation:us-east-1:482478851458:stack/opensearch-poc/6768ee50-3b70-11ee-9806-0e241c42da07'}, {'Key': 'aws:cloudformation:logical-id', 'Value': 'ESVPC3CEAD2A7'}, {'Key': 'aws:cloudformation:stack-name', 'Value': 'opensearch-poc'}, {'Key': 'project', 'Value': 'opensearch-poc'}, {'Key': 'accenture_ru', 'Value': 'y'}, {'Key': 'Name', 'Value': 'CL-PrimaryStack/ESVPC'}, {'Key': 'dud', 'Value': '51519542158 '}, {'Key': 'environment', 'Value': 'dev'}, {'Key': 'location', 'Value': 'aws-us-east-1'}, {'Key': 'owner', 'Value': 'Ruby Siddiqui'}]",Unknown error,Review error details,400 Client Error: Bad Request for url: https://192.168.1.222/wapi/v2.13.1/network
482478851458,us-west-2,vpc-0b15ba5487c4cd556,project-vpc,172.16.0.0/16,False,available,dopt-094c6a3b992bb09f3,default,[],"[{'Key': 'accenture_ru', 'Value': 'n'}, {'Key': 'owner', 'Value': 'CTP DR Pod'}, {'Key': 'AutoPatch', 'Value': 'True'}, {'Key': 'location', 'Value': 'aws-useast1'}, {'Key': 'project', 'Value': 'fromEDR'}, {'Key': 'program', 'Value': 'Disaster Recovery'}, {'Key': 'category', 'Value': 'apps'}, {'Key': 'createdby', 'Value': 'DRS service'}, {'Key': 'Lineage', 'Value': '0'}, {'Key': 'cloudservice', 'Value': 'no_tier0_ec2'}, {'Key': 'Name', 'Value': 'project-vpc'}, {'Key': 'dud', 'Value': '52529967626'}, {'Key': 'environment', 'Value': 'nonprod'}]",Unknown error,Review error details,400 Client Error: Bad Request for url: https://192.168.1.222/wapi/v2.13.1/network
481426791384,us-east-1,vpc-064100be0926e88df,RlSecTestVPC,10.0.0.0/16,False,available,dopt-ab4d40d0,default,[],"[{'Key': 'Name', 'Value': 'RlSecTestVPC'}]",Unknown error,Review error details,400 Client Error: Bad Request for url: https://192.168.1.222/wapi/v2.13.1/network
481426791384,us-east-1,vpc-1e3f5f64,Default,172.31.0.0/16,True,available,dopt-ab4d40d0,default,[],"[{'Key': 'Name', 'Value': 'Default'}]",Unknown error,Review error details,400 Client Error: Bad Request for url: https://192.168.1.222/wapi/v2.13.1/network
481426791384,us-east-1,vpc-0235f93c49cea09f2,MyVPC,10.0.0.0/16,False,available,dopt-ab4d40d0,default,[],"[{'Key': 'Name', 'Value': 'MyVPC'}]",Unknown error,Review error details,400 Client Error: Bad Request for url: https://192.168.1.222/wapi/v2.13.1/network
481426791384,us-east-2,vpc-ac2ecac7,Unnamed,172.31.0.0/16,True,available,dopt-d3b44db8,default,[],[],Unknown error,Review error details,400 Client Error: Bad Request for url: https://192.168.1.222/wapi/v2.13.1/network
481426791384,us-east-2,vpc-09404f40d257109e4,lesson02-vpc,10.0.0.0/16,False,available,dopt-d3b44db8,default,[],"[{'Key': 'Name', 'Value': 'lesson02-vpc'}, {'Key': 'owner', 'Value': 'Sentil'}]",Unknown error,Review error details,400 Client Error: Bad Request for url: https://192.168.1.222/wapi/v2.13.1/network
481426791384,us-east-2,vpc-030c6a564e1f26c22,Unnamed,10.0.0.0/16,False,available,dopt-d3b44db8,default,[],[],Unknown error,Review error details,400 Client Error: Bad Request for url: https://192.168.1.222/wapi/v2.13.1/network
481426791384,us-west-1,vpc-a3a4a0c4,Unnamed,172.31.0.0/16,True,available,dopt-64a49303,default,[],[],Unknown error,Review error details,400 Client Error: Bad Request for url: https://192.168.1.222/wapi/v2.13.1/network
481426791384,us-west-1,vpc-0dd4377e61065c5f6,Unnamed,10.0.0.0/16,False,available,dopt-64a49303,default,[],[],Unknown error,Review error details,400 Client Error: Bad Request for url: https://192.168.1.222/wapi/v2.13.1/network
481426791384,us-west-2,vpc-0f17d0ab6e001045f,my-vpc,10.0.0.0/16,False,available,dopt-2ff15e57,default,[],"[{'Key': 'hashicorp-learn', 'Value': 'lambda-api-gateway'}, {'Key': 'Name', 'Value': 'my-vpc'}]",Unknown error,Review error details,400 Client Error: Bad Request for url: https://192.168.1.222/wapi/v2.13.1/network
481426791384,us-west-2,vpc-0821c3949bf761ba5,MyVPC,10.0.0.0/16,False,available,dopt-2ff15e57,default,[],"[{'Key': 'Name', 'Value': 'MyVPC'}]",Unknown error,Review error details,400 Client Error: Bad Request for url: https://192.168.1.222/wapi/v2.13.1/network
481426791384,us-west-2,vpc-b4f345cc,Unnamed,172.31.0.0/16,True,available,dopt-2ff15e57,default,[],[],Unknown error,Review error details,400 Client Error: Bad Request for url: https://192.168.1.222/wapi/v2.13.1/network
481426791384,eu-west-2,vpc-69b4d701,Unnamed,172.31.0.0/16,True,available,dopt-56156f3e,default,[],[],Unknown error,Review error details,400 Client Error: Bad Request for url: https://192.168.1.222/wapi/v2.13.1/network
481426791384,ap-northeast-1,vpc-4399b124,Unnamed,172.31.0.0/16,True,available,dopt-2e0a5b49,default,[],[],Unknown error,Review error details,400 Client Error: Bad Request for url: https://192.168.1.222/wapi/v2.13.1/network
481426791384,ap-southeast-1,vpc-8c2e11eb,Unnamed,172.31.0.0/16,True,available,dopt-a10036c6,default,[],[],Unknown error,Review error details,400 Client Error: Bad Request for url: https://192.168.1.222/wapi/v2.13.1/network
557978034415,us-east-1,vpc-c4e841bc,Unnamed,172.31.0.0/16,True,available,dopt-48ef7931,default,[],[],Unknown error,Review error details,400 Client Error: Bad Request for url: https://192.168.1.222/wapi/v2.13.1/network
557978034415,us-west-2,vpc-89507def,Unnamed,172.31.0.0/16,True,available,dopt-983a4cfe,default,[],[],Unknown error,Review error details,400 Client Error: Bad Request for url: https://192.168.1.222/wapi/v2.13.1/network
557978034415,eu-west-2,vpc-0f603d66,Unnamed,172.31.0.0/16,True,available,dopt-1425037d,default,[],[],Unknown error,Review error details,400 Client Error: Bad Request for url: https://192.168.1.222/wapi/v2.13.1/network
557978034415,ap-northeast-1,vpc-5fa9b33b,Unnamed,172.31.0.0/16,True,available,dopt-13ab9b77,default,[],[],Unknown error,Review error details,400 Client Error: Bad Request for url: https://192.168.1.222/wapi/v2.13.1/network
557978034415,ap-southeast-1,vpc-57b6ad33,Unnamed,172.31.0.0/16,True,available,dopt-70e6e414,default,[],[],Unknown error,Review error details,400 Client Error: Bad Request for url: https://192.168.1.222/wapi/v2.13.1/network
618653283510,us-east-1,vpc-0e29b170304668e09,mi-lz-generative-ai-sandbox-us-east-1-vpc,192.168.0.0/23,False,available,dopt-0885209757f2b915e,default,[],"[{'Key': 'environment', 'Value': 'sandbox'}, {'Key': 'Name', 'Value': 'mi-lz-generative-ai-sandbox-us-east-1-vpc'}, {'Key': 'dud', 'Value': '51519541920'}, {'Key': 'project', 'Value': 'OpenAI'}, {'Key': 'owner', 'Value': 'Adnan Haq'}, {'Key': 'cloudservice', 'Value': 'no_tier0_vpc'}, {'Key': 'createdby', 'Value': 'kkuma675'}, {'Key': 'tfc_created', 'Value': 'true'}, {'Key': 'location', 'Value': 'aws-us-east-1'}]",Unknown error,Review error details,400 Client Error: Bad Request for url: https://192.168.1.222/wapi/v2.13.1/network
684837204429,us-east-1,vpc-accd47ca,Unnamed,172.31.0.0/16,True,available,dopt-54ec6733,default,[],[],Unknown error,Review error details,400 Client Error: Bad Request for url: https://192.168.1.222/wapi/v2.13.1/network
684837204429,us-west-1,vpc-54499b30,Unnamed,172.31.0.0/16,True,available,dopt-f19f7f95,default,[],[],Unknown error,Review error details,400 Client Error: Bad Request for url: https://192.168.1.222/wapi/v2.13.1/network
684837204429,ap-southeast-1,vpc-0f75b0acd9a271f99,Unnamed,10.0.0.0/16,False,available,dopt-7e974d1a,default,[],"[{'Key': 'aws:cloudformation:stack-id', 'Value': 'arn:aws:cloudformation:ap-southeast-1:684837204429:stack/amazon-ecs-cli-setup-dsmpoc/1f1c13c0-03ae-11ed-a1b4-06c0e9a78e92'}, {'Key': 'aws:cloudformation:stack-name', 'Value': 'amazon-ecs-cli-setup-dsmpoc'}, {'Key': 'aws:cloudformation:logical-id', 'Value': 'Vpc'}]",Unknown error,Review error details,400 Client Error: Bad Request for url: https://192.168.1.222/wapi/v2.13.1/network
690872919680,us-west-2,vpc-0196d071de4ec65d8,project-vpc,10.0.0.0/16,False,available,dopt-0d4744e80cbe9b599,default,[],"[{'Key': 'Name', 'Value': 'project-vpc'}]",Unknown error,Review error details,400 Client Error: Bad Request for url: https://192.168.1.222/wapi/v2.13.1/network
759752224209,us-east-1,vpc-0c738819753324c00,mi-lz-dr-sandbox-us-east-1-vpc,192.168.0.0/23,False,available,dopt-06707118f0466fbf8,default,[],"[{'Key': 'Name', 'Value': 'mi-lz-dr-sandbox-us-east-1-vpc'}, {'Key': 'createdby', 'Value': 'anjok224'}, {'Key': 'Requested_By', 'Value': 'sdesh659'}, {'Key': 'environment', 'Value': 'sandbox'}, {'Key': 'location', 'Value': 'aws-us-east-1'}, {'Key': 'Description', 'Value': 'Mini-Pocs For DR'}, {'Key': 'cloudservice', 'Value': 'no_tier0_vpc'}, {'Key': 'dud', 'Value': '52529967599'}, {'Key': 'project', 'Value': 'lz sandbox account for mini-pocs for DR related products'}, {'Key': 'tfe_created', 'Value': 'true'}, {'Key': 'owner', 'Value': 'Deshpande Shailesh'}]",Unknown error,Review error details,400 Client Error: Bad Request for url: https://192.168.1.222/wapi/v2.13.1/network
759752224209,us-west-2,vpc-0e29fdeff897d46c8,mi-lz-dr-sandbox-us-west-2-vpc,192.168.0.0/23,False,available,dopt-0e353bfdd55606c51,default,[],"[{'Key': 'Requested_By', 'Value': 'sdesh659'}, {'Key': 'owner', 'Value': 'Shailesh Deshpande'}, {'Key': 'createdby', 'Value': 'anjok224'}, {'Key': 'Name', 'Value': 'mi-lz-dr-sandbox-us-west-2-vpc'}, {'Key': 'tfe_created', 'Value': 'true'}, {'Key': 'project', 'Value': 'lz sandbox account for mini-pocs for DR related products'}, {'Key': 'Description', 'Value': 'Mini-Pocs For DR'}, {'Key': 'cloudservice', 'Value': 'no_tier0_vpc'}, {'Key': 'location', 'Value': 'aws-us-west-2'}, {'Key': 'environment', 'Value': 'sandbox'}, {'Key': 'dud', 'Value': '52529967599'}]",Unknown error,Review error details,400 Client Error: Bad Request for url: https://192.168.1.222/wapi/v2.13.1/network
777050211007,us-east-1,vpc-05b4ff9c5639a47bf,mi-lz-dc-hotelops-test-us-east-1-vpc,10.212.76.0/24,False,available,dopt-0b962f000f9ad33d3,default,"['10.215.90.0/23', '10.215.106.0/23']","[{'Key': 'owner', 'Value': 'I: MGP PMS Loy Adaption Layer Subha Krishnan'}, {'Key': 'project', 'Value': 'lz hotelops-dev account for MGP team'}, {'Key': 'createdby', 'Value': 'anjok224'}, {'Key': 'Requested_By', 'Value': 'MGP'}, {'Key': 'STNOStatus-VPCPropagation', 'Value': '2023-02-14T19:49:09Z: VPC RT propagation has been enabled to the Transit Gateway Routing Table/Domain'}, {'Key': 'dud', 'Value': '52529967301'}, {'Key': 'Propagate-to', 'Value': 'tgw-nonprod-accounts-rt,tgw-dx-nonprod-rt,tgw-shared-account-rt,tgw-virginia-oregon-peer-rt'}, {'Key': 'Name', 'Value': 'mi-lz-dc-hotelops-test-us-east-1-vpc'}, {'Key': 'Description', 'Value': 'Deployment of DocumentDB by hotelops Developers '}, {'Key': 'tfe_created', 'Value': 'true'}, {'Key': 'cloudservice', 'Value': 'no_tier0_vpc'}, {'Key': 'STNOStatus-VPCAssociation', 'Value': '2023-02-14T19:49:07Z: VPC has been associated with the Transit Gateway Routing Table/Domain'}, {'Key': 'location', 'Value': 'aws-us-east-1'}, {'Key': 'STNOStatus-VPCAttachment', 'Value': '2023-02-14T19:45:29Z: VPC has been attached to the Transit Gateway'}, {'Key': 'Associate-with', 'Value': 'tgw-nonprod-accounts-rt'}, {'Key': 'environment', 'Value': 'test'}]",Unknown error,Review error details,400 Client Error: Bad Request for url: https://192.168.1.222/wapi/v2.13.1/network
780727336067,us-east-1,vpc-0ee0a7e20122740bd,mi-s3-sftp-public-nacl,10.0.0.0/16,False,available,dopt-b55839d2,default,[],"[{'Key': 'Name', 'Value': 'mi-s3-sftp-public-nacl'}]",Unknown error,Review error details,400 Client Error: Bad Request for url: https://192.168.1.222/wapi/v2.13.1/network
780727336067,us-east-1,vpc-0ef33405ae4a5c8fe,mi-na-druva-restore-public-dmz,10.0.0.0/16,False,available,dopt-b55839d2,default,[],"[{'Key': 'Name', 'Value': 'mi-na-druva-restore-public-dmz'}]",Unknown error,Review error details,400 Client Error: Bad Request for url: https://192.168.1.222/wapi/v2.13.1/network
838470345955,us-east-2,vpc-04ad4cb4f97f208e7,Unnamed,172.30.0.0/16,False,available,dopt-05589d9fb4947a989,default,[],[],Unknown error,Review error details,400 Client Error: Bad Request for url: https://192.168.1.222/wapi/v2.13.1/network
883113265457,us-east-1,vpc-0b730000921bd0f5a,Tennable,172.31.0.0/16,True,available,dopt-68ad5412,default,[],"[{'Key': 'Name', 'Value': 'Tennable'}]",Unknown error,Review error details,400 Client Error: Bad Request for url: https://192.168.1.222/wapi/v2.13.1/network
883113265457,us-east-1,vpc-0d2595e8d83b07a10,ForensicsVPC,172.16.0.0/16,False,available,dopt-68ad5412,default,[],"[{'Key': 'aws:cloudformation:stack-id', 'Value': 'arn:aws:cloudformation:us-east-1:883113265457:stack/diskForensics-forensicResources-F01KBD2B129C/581335e0-46bd-11ec-bc8e-0e938fa29911'}, {'Key': 'Name', 'Value': 'ForensicsVPC'}, {'Key': 'aws:cloudformation:logical-id', 'Value': 'forensicsVPC'}, {'Key': 'aws:cloudformation:stack-name', 'Value': 'diskForensics-forensicResources-F01KBD2B129C'}]",Unknown error,Review error details,400 Client Error: Bad Request for url: https://192.168.1.222/wapi/v2.13.1/network
883113265457,us-east-2,vpc-d00af4bb,Unnamed,172.31.0.0/16,True,available,dopt-46a0732d,default,[],[],Unknown error,Review error details,400 Client Error: Bad Request for url: https://192.168.1.222/wapi/v2.13.1/network
883113265457,us-west-2,vpc-0edcf91ff4670aeda,Unified-VPC,10.0.0.0/16,False,available,dopt-ceda57b6,default,[],"[{'Key': 'Name', 'Value': 'Unified-VPC'}]",Unknown error,Review error details,400 Client Error: Bad Request for url: https://192.168.1.222/wapi/v2.13.1/network
883113265457,us-west-2,vpc-0885bfcabd13d3503,network-firewall-poc-application-private,172.16.0.0/16,False,available,dopt-ceda57b6,default,[],"[{'Key': 'Createdby', 'Value': 'Shirong Du'}, {'Key': 'Name', 'Value': 'network-firewall-poc-application-private'}]",Unknown error,Review error details,400 Client Error: Bad Request for url: https://192.168.1.222/wapi/v2.13.1/network
883113265457,us-west-2,vpc-0d386ea48402c39fc,Unnamed,10.0.0.0/16,False,available,dopt-ceda57b6,default,[],"[{'Key': 'kinesisDataStreamEncryptionMb4uk6XAFrMvuQmcIFu4-q2RHDB7AiQDGOGRMe1cF8b36KJGZgwVRsE=', 'Value': 'gAAAAABnNEgsanDc--2pMhr8kB94qAqymj2xjx_W0bfkxMC9dMOMyB50S9rI5GeelrPwrOf_f6zgGOYxuUxjhCD-yH5mBMUDoi92sHFgGP4pqL2rE4ecA3B-gZDYN3pm'}, {'Key': 'key1', 'Value': 'key2'}]",Unknown error,Review error details,400 Client Error: Bad Request for url: https://192.168.1.222/wapi/v2.13.1/network
883113265457,us-west-2,vpc-01c666f3b187a625e,Unnamed,172.31.0.0/16,True,available,dopt-ceda57b6,default,[],[],Unknown error,Review error details,400 Client Error: Bad Request for url: https://192.168.1.222/wapi/v2.13.1/network
883113265457,us-west-2,vpc-04653ba922d95dcc9,Shirong-Network-Firewall-POC-Automation-Inspection-VPC,192.168.0.0/16,False,available,dopt-ceda57b6,default,[],"[{'Key': 'aws:cloudformation:stack-id', 'Value': 'arn:aws:cloudformation:us-west-2:883113265457:stack/Shirong-Network-Firewall-POC-Automation/b7781e20-7a7c-11ee-9a43-06fbdedb5a51'}, {'Key': 'aws:cloudformation:stack-name', 'Value': 'Shirong-Network-Firewall-POC-Automation'}, {'Key': 'Project', 'Value': 'AWS Network Firewall POC'}, {'Key': 'Createdby', 'Value': 'Shirong Du'}, {'Key': 'Name', 'Value': 'Shirong-Network-Firewall-POC-Automation-Inspection-VPC'}, {'Key': 'aws:cloudformation:logical-id', 'Value': 'VPC'}, {'Key': 'created-by', 'Value': 'firewall-automation-for-network-traffic-on-aws'}]",Unknown error,Review error details,400 Client Error: Bad Request for url: https://192.168.1.222/wapi/v2.13.1/network
883113265457,ap-northeast-1,vpc-04d88c771d1201239,testVpc,10.0.0.0/24,False,available,dopt-8b3414ec,default,[],"[{'Key': 'Name', 'Value': 'testVpc'}]",Unknown error,Review error details,400 Client Error: Bad Request for url: https://192.168.1.222/wapi/v2.13.1/network
871216462967,us-east-1,vpc-534b5c28,Unnamed,172.31.0.0/16,True,available,dopt-1658ec6d,default,[],[],Unknown error,Review error details,400 Client Error: Bad Request for url: https://192.168.1.222/wapi/v2.13.1/network
871216462967,us-east-1,vpc-0cbff289dc334981f,SecurityAutomation,10.0.0.0/16,False,available,dopt-1658ec6d,default,[],"[{'Key': 'Name', 'Value': 'SecurityAutomation'}]",Unknown error,Review error details,400 Client Error: Bad Request for url: https://192.168.1.222/wapi/v2.13.1/network
871216462967,us-west-2,vpc-f8e0ec81,Unnamed,172.31.0.0/16,True,available,dopt-8e112df7,default,[],[],Unknown error,Review error details,400 Client Error: Bad Request for url: https://192.168.1.222/wapi/v2.13.1/network
871216462967,eu-west-2,vpc-b57fd4dd,Unnamed,172.31.0.0/16,True,available,dopt-b425a4dc,default,[],[],Unknown error,Review error details,400 Client Error: Bad Request for url: https://192.168.1.222/wapi/v2.13.1/network
871216462967,ap-northeast-1,vpc-a7f482c0,Unnamed,172.31.0.0/16,True,available,dopt-a6891bc1,default,[],[],Unknown error,Review error details,400 Client Error: Bad Request for url: https://192.168.1.222/wapi/v2.13.1/network
871216462967,ap-southeast-1,vpc-af2c69c8,Unnamed,172.31.0.0/16,True,available,dopt-b21062d5,default,[],[],Unknown error,Review error details,400 Client Error: Bad Request for url: https://192.168.1.222/wapi/v2.13.1/network
